1,25,1,91107,4,No,No,1,1,undergraduate,Yes,No,1.6
2,45,19,90089,3,No,No,1,1,undergraduate,Yes,No,1.5
3,39,15,94720,1,No,No,1,1,undergraduate,No,No,1
4,35,9,94112,1,No,No,1,2,graduate,No,No,2.7
5,35,8,91330,4,No,Yes,1,2,graduate,No,No,1
6,37,13,92121,4,No,No,68,2,graduate,No,No,0.4
7,53,27,91711,2,No,No,1,2,graduate,No,No,1.5
8,50,24,93943,1,No,Yes,1,3,advance,No,No,0.3
9,35,10,90089,3,No,No,26,2,graduate,No,No,0.6
10,34,9,93023,1,Yes,No,1,3,advance,No,No,8.9
11,65,39,94710,4,No,No,1,3,advance,No,No,2.4
12,29,5,90277,3,No,No,1,2,graduate,No,No,0.1
13,48,23,93106,2,No,No,1,3,advance,Yes,No,3.8
14,59,32,94920,4,No,No,1,2,graduate,No,No,2.5
15,67,41,91741,1,No,No,1,1,undergraduate,Yes,No,2
16,60,30,95054,1,No,Yes,1,3,advance,No,No,1.5
17,38,14,95010,4,Yes,No,52,3,advance,No,No,4.7
18,42,18,94305,4,No,No,1,1,undergraduate,No,No,2.4
19,46,21,91604,2,Yes,No,1,3,advance,No,No,8.1
20,55,28,94720,1,No,Yes,1,2,graduate,Yes,No,0.5
21,56,31,94015,4,No,No,32,2,graduate,No,No,0.9
22,57,27,90095,3,No,No,1,3,advance,No,No,2
23,29,5,90277,1,No,No,126,1,undergraduate,No,No,1.2
24,44,18,91320,2,No,No,76,1,undergraduate,Yes,No,0.7
25,36,11,95521,2,No,Yes,72,1,undergraduate,No,No,3.9
26,43,19,94305,3,No,No,20,1,undergraduate,No,No,0.5
27,40,16,95064,4,No,No,1,3,advance,No,No,0.2
28,46,20,90064,1,No,Yes,1,1,undergraduate,No,No,2.4
29,56,30,94539,1,No,Yes,1,3,advance,No,No,2.2
30,38,13,94104,1,Yes,Yes,1,2,graduate,No,Yes,3.3
31,59,35,93106,1,No,No,41,3,advance,No,No,1.2
32,40,16,94117,1,No,No,1,2,graduate,No,No,2
33,53,28,94801,2,No,No,94,3,advance,No,No,0.6
34,30,6,91330,3,No,No,1,3,advance,No,No,0.9
35,31,5,94035,4,No,No,1,3,advance,No,No,1.8
36,48,24,92647,3,No,No,1,1,undergraduate,No,No,0.7
37,59,35,94720,1,No,Yes,1,1,undergraduate,No,No,2.9
38,51,25,95814,1,No,No,96,3,advance,No,No,1.4
39,42,18,94114,3,Yes,No,1,3,advance,Yes,Yes,5
40,38,13,94115,4,No,No,137,3,advance,No,No,0.7
41,57,32,92672,3,No,No,1,3,advance,Yes,No,1.6
42,34,9,94122,3,No,No,1,1,undergraduate,No,No,2.3
43,32,7,90019,4,Yes,No,165,2,graduate,No,No,1.1
44,39,15,95616,1,No,No,1,1,undergraduate,No,No,0.7
45,46,20,94065,1,No,Yes,1,1,undergraduate,No,No,5.7
46,57,31,94720,4,No,Yes,1,1,undergraduate,No,No,2.5
47,39,14,95014,3,No,No,67,2,graduate,No,No,0.7
48,37,12,91380,4,Yes,Yes,103,3,advance,Yes,Yes,0.2
49,56,26,95747,2,No,Yes,1,3,advance,No,No,4.5
50,40,16,92373,1,No,Yes,1,1,undergraduate,No,No,1.8
51,32,8,92093,4,No,No,1,2,graduate,Yes,No,0.7
52,61,37,94720,1,No,No,1,1,undergraduate,No,No,2.9
53,30,6,94005,1,No,No,100,1,undergraduate,No,No,0.1
54,50,26,90245,3,Yes,No,116,3,advance,No,No,2.1
55,29,5,95819,1,No,No,1,3,advance,No,No,0.2
56,41,17,94022,2,No,No,1,1,undergraduate,No,No,8
57,55,30,94005,3,No,No,1,2,graduate,Yes,Yes,0.1
58,56,31,95616,2,Yes,No,1,3,advance,No,No,1.2
59,28,2,94065,2,No,No,1,1,undergraduate,No,No,0.2
60,31,5,91320,2,No,No,168,1,undergraduate,No,No,4.5
61,49,24,90404,3,No,No,1,2,graduate,Yes,No,1.7
62,47,21,93407,1,No,No,33,1,undergraduate,Yes,No,5.7
63,42,18,90089,1,No,No,1,1,undergraduate,No,No,1
64,42,17,94523,4,No,No,1,2,graduate,No,No,0
65,47,23,90024,2,No,No,1,1,undergraduate,No,No,3.3
66,59,35,91360,1,No,Yes,1,1,undergraduate,No,No,3.8
67,62,36,95670,2,No,No,155,1,undergraduate,No,No,2.8
68,53,23,95123,4,No,No,50,3,advance,Yes,No,2
69,47,21,93407,3,No,Yes,1,1,undergraduate,No,No,2.1
70,53,29,90045,4,No,No,1,1,undergraduate,No,No,0.2
71,42,18,91335,1,No,Yes,1,1,undergraduate,No,No,3.5
72,53,29,93907,4,No,No,1,2,graduate,No,No,1
73,44,20,92007,1,No,Yes,1,1,undergraduate,No,No,5
74,41,16,94606,1,No,Yes,1,3,advance,No,No,4
75,28,3,94611,2,No,Yes,1,1,undergraduate,No,No,3.3
76,31,7,94901,4,Yes,Yes,1,2,graduate,No,Yes,3.8
77,58,32,91320,3,No,No,1,3,advance,No,No,0.3
78,46,20,92220,3,No,No,1,2,graduate,No,No,0.5
79,54,30,93305,2,Yes,No,1,3,advance,No,No,2.6
80,50,26,94720,2,No,No,38,1,undergraduate,No,No,0.4
81,60,36,95134,4,No,Yes,83,1,undergraduate,No,No,1.3
82,47,22,94612,3,No,No,1,2,graduate,No,No,2.7
83,41,16,92507,1,No,No,1,3,advance,No,No,4
84,33,9,94305,1,No,No,1,2,graduate,No,No,2.4
85,46,22,91730,1,No,No,1,3,advance,No,No,0.9
86,27,2,94005,4,No,No,1,3,advance,No,No,1.8
87,40,16,94501,4,No,No,45,2,graduate,No,No,2.2
88,48,22,94305,3,No,No,1,1,undergraduate,No,No,1.1
89,65,41,94117,2,No,No,1,1,undergraduate,No,No,1.1
90,25,-1,94303,4,No,Yes,1,3,advance,No,No,2.3
91,55,30,90277,4,Yes,No,1,2,graduate,No,No,5.6
92,35,10,94105,4,No,No,1,3,advance,No,No,1.1
93,43,19,94305,3,No,No,1,2,graduate,No,No,0.6
94,60,34,94550,2,No,No,114,3,advance,Yes,No,1.7
95,65,39,92612,1,No,No,1,1,undergraduate,No,No,2
96,38,12,95617,4,No,No,1,3,advance,No,No,0.2
97,41,15,95014,1,No,No,1,1,undergraduate,No,No,5.2
98,54,28,92121,1,No,No,1,1,undergraduate,No,No,2.9
99,49,23,92374,1,No,No,1,1,undergraduate,No,No,0.3
100,66,41,91711,3,No,No,1,3,advance,No,No,0.1
101,48,23,94080,1,No,No,1,1,undergraduate,No,No,1.2
102,61,36,94608,3,No,No,1,2,graduate,No,No,1.3
103,53,23,93555,3,No,Yes,96,3,advance,No,No,1
104,43,18,95670,2,No,No,1,2,graduate,No,No,0.3
105,56,32,93311,4,No,Yes,78,1,undergraduate,No,No,1.3
106,24,0,94704,3,No,No,1,2,graduate,Yes,No,0.1
107,43,17,92717,4,No,Yes,1,1,undergraduate,No,No,2.9
108,42,18,92037,1,No,No,54,1,undergraduate,No,No,0.7
109,33,7,95136,1,No,No,78,3,advance,No,No,0.6
110,43,17,94542,1,No,No,1,1,undergraduate,No,No,2.8
111,41,14,91330,3,No,No,1,2,graduate,No,No,1
112,62,38,94143,4,No,No,1,2,graduate,No,No,1.3
113,40,15,91775,3,No,No,147,1,undergraduate,No,No,1
114,58,34,92703,2,No,No,25,1,undergraduate,No,No,2.8
115,39,14,92354,3,No,No,1,3,advance,No,No,0.5
116,65,40,92024,3,No,No,1,2,graduate,No,No,1.8
117,54,29,92831,1,No,No,1,2,graduate,No,No,1.5
118,58,33,92833,2,No,No,94,3,advance,No,No,2.3
119,41,16,92647,3,No,No,1,1,undergraduate,No,No,3
120,32,7,94304,1,No,No,159,1,undergraduate,No,No,4.6
121,54,29,90057,2,No,No,1,3,advance,No,No,0.2
122,52,26,91711,3,No,No,1,3,advance,No,No,0.9
123,58,32,94523,2,No,Yes,1,2,graduate,No,No,0.7
124,37,13,92130,1,No,No,1,2,graduate,Yes,No,3.6
125,39,15,92121,4,No,No,38,1,undergraduate,No,No,2.4
126,60,35,91301,3,No,No,1,1,undergraduate,No,No,0.5
127,31,5,92096,2,No,Yes,24,1,undergraduate,No,No,1.3
128,34,8,92646,1,No,No,122,2,graduate,No,No,2.7
129,38,14,92182,2,No,No,1,1,undergraduate,Yes,No,0
130,41,16,92131,3,No,Yes,1,3,advance,No,No,0.5
131,28,4,94801,3,No,No,134,1,undergraduate,No,No,1.5
132,58,34,93720,4,Yes,Yes,1,2,graduate,No,Yes,7.2
133,31,1,90840,2,No,No,1,3,advance,No,No,1.75
134,30,4,90245,3,No,No,1,2,graduate,No,No,1.1
135,53,29,95035,3,No,No,1,2,graduate,No,No,1.8
136,58,33,93010,4,No,Yes,1,1,undergraduate,No,No,2.1
137,59,32,95035,4,No,No,1,2,graduate,No,No,2.5
138,49,25,95054,2,No,No,1,1,undergraduate,No,No,0.4
139,59,34,94928,3,No,Yes,1,1,undergraduate,Yes,Yes,1.5
140,59,35,93305,1,No,No,1,3,advance,No,No,1.2
141,51,25,90245,2,No,Yes,75,3,advance,No,No,0.4
142,35,11,95831,3,No,Yes,64,1,undergraduate,No,No,2
143,33,9,91770,1,No,Yes,1,3,advance,No,No,2.1
144,25,1,94117,4,No,Yes,1,1,undergraduate,No,No,1.6
145,49,23,92093,2,No,No,1,2,graduate,No,No,1.5
146,59,35,90007,1,No,Yes,1,1,undergraduate,No,No,7.4
147,46,19,94102,1,No,Yes,1,2,graduate,No,No,2.67
148,50,25,94542,4,No,No,92,3,advance,No,No,3.6
149,52,28,91423,2,No,No,37,1,undergraduate,No,No,0.4
150,48,22,93955,3,No,No,1,2,graduate,No,No,2.2
151,46,22,94107,2,No,Yes,1,1,undergraduate,No,Yes,7.5
152,26,0,92834,3,Yes,Yes,1,3,advance,No,No,6.5
153,57,32,93117,1,No,Yes,1,1,undergraduate,No,No,1.3
154,60,36,94551,2,No,Yes,1,1,undergraduate,Yes,Yes,1
155,54,29,92612,4,No,No,1,3,advance,No,No,1.3
156,24,0,94596,4,No,No,1,1,undergraduate,No,No,1.6
157,26,0,92131,4,No,Yes,1,1,undergraduate,No,No,0.4
158,41,17,94025,4,No,Yes,1,1,undergraduate,No,No,2.67
159,32,6,94720,2,No,Yes,1,3,advance,No,No,1.5
160,61,35,94545,4,No,No,1,2,graduate,Yes,No,1.7
161,29,0,95819,4,Yes,No,1,3,advance,No,No,6.5
162,61,35,95053,2,No,No,1,1,undergraduate,No,No,2.8
163,38,12,90036,1,No,No,1,1,undergraduate,No,No,2
164,28,4,91125,4,No,No,1,1,undergraduate,No,No,2.6
165,53,27,95120,2,No,No,1,1,undergraduate,Yes,No,1.1
166,27,1,94706,1,No,No,1,1,undergraduate,No,No,1.5
167,25,1,95827,3,No,No,1,2,graduate,No,No,1
168,33,9,94305,3,No,Yes,1,3,advance,No,No,0.9
169,50,26,91320,4,No,No,1,1,undergraduate,No,No,1
170,27,1,90503,4,No,Yes,1,3,advance,No,No,2.1
171,27,1,90250,2,No,No,1,1,undergraduate,No,No,2
172,52,28,95817,3,No,No,1,1,undergraduate,Yes,No,0.4
173,38,13,92717,2,No,No,1,1,undergraduate,No,No,7.8
174,58,34,90095,4,No,Yes,1,1,undergraduate,No,No,1.5
175,42,17,95503,2,Yes,No,1,2,graduate,No,No,7.9
176,45,20,91711,4,No,No,1,2,graduate,Yes,No,1.1
177,52,25,93111,3,No,No,53,2,graduate,No,No,1
178,29,3,94132,4,No,No,117,2,graduate,No,No,1.8
179,53,29,95818,4,No,Yes,1,1,undergraduate,No,No,0.2
180,62,37,91942,1,No,No,1,1,undergraduate,No,No,0.1
181,51,27,90401,2,No,No,77,3,advance,No,No,1
182,36,12,93524,4,No,No,7,2,graduate,No,No,0.7
183,24,0,95133,1,No,No,1,1,undergraduate,No,No,1.5
184,29,3,92173,3,Yes,No,1,1,undergraduate,No,No,4.1
185,52,26,92717,2,No,No,1,2,graduate,Yes,No,1.5
186,39,14,91320,1,No,No,1,3,advance,No,No,1
187,48,23,95616,1,No,Yes,1,1,undergraduate,No,No,0.3
188,46,21,94305,3,Yes,No,150,3,advance,No,No,1.9
189,64,40,91320,2,No,No,41,1,undergraduate,No,No,2.1
190,55,29,94043,2,No,No,1,1,undergraduate,No,No,1.4
191,60,36,92521,1,No,No,1,1,undergraduate,No,No,4.3
192,51,25,90404,1,No,No,58,3,advance,No,No,0.3
193,50,23,92122,1,No,No,1,2,graduate,No,No,2.67
194,48,24,93118,4,No,Yes,1,1,undergraduate,No,No,0.6
195,53,29,92697,2,No,No,1,1,undergraduate,No,No,6.8
196,34,10,94577,4,No,No,19,1,undergraduate,Yes,No,1
197,48,24,93407,1,No,Yes,1,1,undergraduate,No,No,5
198,55,31,91345,4,No,No,14,1,undergraduate,No,No,0.7
199,27,3,94123,4,No,No,15,1,undergraduate,Yes,No,0
200,36,11,92152,1,Yes,Yes,1,3,advance,No,Yes,5.1
201,32,6,91355,1,No,Yes,1,3,advance,No,No,1.9
202,35,9,94609,2,No,Yes,1,3,advance,No,No,1.4
203,30,3,94306,4,No,No,1,2,graduate,No,No,2
204,58,34,95747,4,No,No,1,1,undergraduate,No,No,2.2
205,56,31,96150,2,No,No,27,2,graduate,No,No,1.9
206,38,12,95616,4,No,Yes,23,2,graduate,No,No,1.4
207,49,25,91355,1,No,No,1,1,undergraduate,Yes,No,1
208,34,10,94115,4,No,No,1,2,graduate,No,No,0.1
209,40,16,94110,4,No,Yes,1,1,undergraduate,No,No,2.67
210,64,39,94707,4,Yes,Yes,136,1,undergraduate,No,Yes,3.1
211,51,26,92131,2,No,No,1,1,undergraduate,No,No,0
212,44,18,94720,1,No,No,1,1,undergraduate,No,No,0.2
213,46,22,91604,2,No,No,102,1,undergraduate,No,No,1.7
214,57,33,91326,1,No,No,1,1,undergraduate,No,No,7.4
215,54,28,90291,1,No,No,1,2,graduate,No,No,1.9
216,38,14,95818,2,No,Yes,120,1,undergraduate,No,No,0
217,27,3,95521,2,No,No,1,1,undergraduate,No,No,0.6
218,39,14,94305,3,No,No,1,1,undergraduate,No,No,3
219,44,20,92807,3,No,No,1,3,advance,No,No,0.3
220,56,30,94707,1,No,Yes,1,3,advance,No,No,2.2
221,32,6,92130,2,No,Yes,1,1,undergraduate,No,No,0.3
222,45,19,95051,2,No,No,1,2,graduate,No,No,1.7
223,26,2,94306,3,No,No,1,1,undergraduate,No,No,2.5
224,55,25,95014,3,No,No,1,3,advance,No,No,1
225,52,27,94305,4,No,No,16,3,advance,No,No,1.8
226,39,13,94720,1,No,Yes,1,3,advance,No,No,1.5
227,24,-1,94085,2,No,No,1,2,graduate,No,No,1.7
228,47,23,94551,2,No,Yes,1,1,undergraduate,No,Yes,7.5
229,47,22,92677,4,No,Yes,21,3,advance,Yes,Yes,1.9
230,48,24,93117,2,No,Yes,61,1,undergraduate,No,No,1.7
231,47,22,94720,1,No,No,1,2,graduate,No,No,2.8
232,35,10,94304,4,No,No,1,3,advance,No,No,2.1
233,46,19,94122,3,No,No,53,2,graduate,No,No,2.5
234,62,37,91320,4,No,No,1,1,undergraduate,No,No,1.7
235,26,1,95616,1,No,No,65,2,graduate,No,No,0.8
236,38,8,94720,4,No,No,1,3,advance,No,No,1.8
237,43,18,93407,3,No,Yes,1,3,advance,No,No,0.5
238,62,38,92521,1,No,No,1,3,advance,No,No,1.8
239,57,32,95831,3,No,Yes,1,1,undergraduate,No,No,0.2
240,28,3,94112,4,No,No,1,2,graduate,No,No,1.7
241,51,26,90089,1,No,No,80,1,undergraduate,No,No,1.2
242,48,22,91711,1,No,Yes,1,3,advance,No,No,1.4
243,41,16,94005,1,No,No,135,3,advance,No,No,3.7
244,65,39,90095,3,Yes,No,22,3,advance,No,Yes,7.9
245,41,17,94025,4,No,No,5,1,undergraduate,No,No,0.8
246,35,11,92614,2,No,No,1,2,graduate,No,No,1
247,38,14,94025,2,No,Yes,1,3,advance,No,No,0.6
248,53,29,92626,4,Yes,No,32,2,graduate,Yes,Yes,2.7
249,55,29,92121,2,No,Yes,128,1,undergraduate,No,No,1.4
250,26,1,90089,3,No,Yes,34,3,advance,No,No,2.6
251,30,6,94305,3,No,No,37,2,graduate,No,No,1
252,54,28,92182,2,Yes,No,152,2,graduate,No,No,6.2
253,65,40,91711,3,No,Yes,1,1,undergraduate,No,No,2.2
254,47,21,94583,1,No,No,1,1,undergraduate,No,No,0
255,65,41,91942,3,Yes,No,40,3,advance,No,No,3.9
256,66,40,92103,2,No,Yes,56,3,advance,No,No,0.7
257,26,0,92697,4,No,Yes,1,3,advance,No,No,2.3
258,66,41,92691,3,No,Yes,1,1,undergraduate,No,No,0.5
259,35,9,95747,4,No,No,1,1,undergraduate,No,No,0.3
260,56,30,94107,1,No,No,4,1,undergraduate,No,No,1.4
261,51,27,92407,1,No,Yes,1,1,undergraduate,No,No,0
262,42,16,93106,2,Yes,No,122,3,advance,No,No,1.2
263,49,23,90245,1,No,Yes,1,3,advance,No,Yes,0.3
264,27,1,92121,4,No,Yes,33,2,graduate,No,No,1.8
265,45,19,90840,2,No,No,1,1,undergraduate,No,No,0.7
266,49,23,94305,4,No,No,21,3,advance,Yes,No,0.6
267,63,38,94720,2,No,No,1,1,undergraduate,No,No,1.5
268,47,22,90504,1,No,No,56,1,undergraduate,No,No,2.9
269,64,39,94002,1,No,No,1,1,undergraduate,No,No,2.5
270,43,13,95039,1,No,No,1,3,advance,No,No,0.75
271,60,36,94063,4,No,No,1,1,undergraduate,No,No,2.2
272,40,14,94923,4,No,No,1,2,graduate,No,No,1.4
273,29,3,95023,4,No,Yes,71,1,undergraduate,No,No,0.2
274,41,16,90095,3,No,No,1,3,advance,No,No,0.5
275,30,5,95616,4,No,Yes,1,1,undergraduate,Yes,No,2.2
276,49,24,94706,4,No,No,1,3,advance,Yes,No,1.8
277,30,5,90058,4,No,No,31,3,advance,No,No,0.5
278,29,2,92126,4,No,No,1,3,advance,No,No,1
279,50,26,91125,4,No,No,1,1,undergraduate,No,No,1
280,39,14,94577,2,No,No,1,1,undergraduate,No,No,3.9
281,33,8,92121,4,No,No,77,3,advance,No,No,2.1
282,57,31,94118,4,No,Yes,1,3,advance,No,No,2.6
283,34,9,91711,4,No,No,1,3,advance,No,No,0.7
284,61,36,90029,3,No,No,1,2,graduate,Yes,No,0.5
285,44,19,92806,3,No,No,1,3,advance,No,No,0.5
286,40,13,94305,3,No,No,1,2,graduate,No,No,2.33
287,51,25,94806,3,No,No,49,2,graduate,No,No,0.6
288,37,12,92110,3,No,Yes,1,2,graduate,No,No,0.7
289,44,19,94306,2,Yes,No,162,3,advance,Yes,Yes,4.3
290,42,15,92121,3,No,Yes,1,2,graduate,No,No,1
291,51,25,92373,1,No,No,1,1,undergraduate,No,No,4.9
292,43,16,90089,3,No,No,13,2,graduate,No,No,0.67
293,30,5,94542,4,No,Yes,47,1,undergraduate,No,No,0.8
294,45,19,90095,4,No,No,1,3,advance,No,No,2.6
295,35,9,94536,1,No,No,1,1,undergraduate,No,No,2
296,60,34,94304,2,No,Yes,1,3,advance,No,No,1.7
297,34,9,90623,1,No,No,1,1,undergraduate,No,No,0
298,55,25,93720,3,No,No,1,3,advance,No,No,1.4
299,43,19,92069,2,No,No,1,1,undergraduate,No,No,3.2
300,41,15,90057,1,Yes,No,1,3,advance,No,Yes,5.5
301,34,9,92843,4,No,No,1,1,undergraduate,Yes,No,1.3
302,65,39,92120,2,No,No,95,1,undergraduate,No,No,6.9
303,45,21,94550,2,No,No,1,1,undergraduate,No,No,7.5
304,49,25,95605,4,Yes,No,176,1,undergraduate,No,No,3
305,48,23,90740,1,No,No,1,1,undergraduate,No,No,0.1
306,60,35,91207,1,No,No,42,1,undergraduate,No,No,1.3
307,55,29,92373,3,No,Yes,1,1,undergraduate,No,No,0.8
308,42,18,90401,1,No,No,1,3,advance,No,No,1.4
309,32,8,94720,2,No,Yes,1,1,undergraduate,No,Yes,4.33
310,62,38,95929,1,No,No,1,1,undergraduate,Yes,No,3.8
311,57,32,90277,4,No,Yes,1,1,undergraduate,No,No,0.9
312,52,26,94550,1,No,No,79,1,undergraduate,No,No,7.3
313,36,6,91741,1,No,No,1,3,advance,Yes,No,0.67
314,34,9,93720,3,No,Yes,1,1,undergraduate,No,No,2.3
315,63,37,93437,2,No,No,1,3,advance,No,No,0.7
316,24,-2,90630,3,No,No,1,3,advance,No,No,0.3
317,57,31,95054,1,Yes,No,1,2,graduate,No,No,1.6
318,40,16,91335,2,Yes,No,1,2,graduate,No,No,4.2
319,27,2,95670,4,No,No,93,3,advance,No,No,1.8
320,65,39,90034,3,No,Yes,1,2,graduate,No,No,0.7
321,60,34,90266,1,No,No,119,2,graduate,No,No,0.8
322,44,20,92717,3,Yes,No,8,2,graduate,No,No,4.4
323,63,39,92007,1,Yes,No,1,1,undergraduate,Yes,Yes,3.9
324,59,34,90034,1,Yes,No,1,1,undergraduate,No,No,4.4
325,56,30,90089,4,Yes,No,1,1,undergraduate,No,No,6.1
326,54,28,95039,1,No,Yes,1,2,graduate,No,No,1.9
327,52,27,95616,1,No,Yes,1,3,advance,No,Yes,1.3
328,58,32,91330,2,No,No,164,1,undergraduate,No,No,2
329,60,35,94110,3,No,Yes,1,2,graduate,No,No,0.5
330,28,4,90064,1,No,No,1,1,undergraduate,No,No,6.33
331,54,30,92374,4,No,No,1,2,graduate,No,No,1
332,32,6,94115,3,No,No,1,1,undergraduate,No,No,1
333,59,33,95630,1,No,No,1,2,graduate,No,No,0.8
334,63,38,92407,1,No,No,1,1,undergraduate,No,No,2.5
335,48,23,95053,1,No,No,1,2,graduate,No,No,1.3
336,56,32,95827,2,No,Yes,157,1,undergraduate,No,Yes,0.3
337,36,12,95051,3,No,No,1,2,graduate,No,No,2.6
338,57,27,94117,1,No,No,1,3,advance,No,No,1.4
339,29,3,93657,2,No,No,163,1,undergraduate,No,No,2
340,39,13,92110,4,No,No,1,2,graduate,No,No,1.4
341,59,34,93524,1,No,Yes,1,1,undergraduate,No,No,2.6
342,31,6,92038,4,No,No,90,2,graduate,No,No,2
343,43,19,91304,2,No,Yes,1,1,undergraduate,No,No,3.3
344,35,5,93407,1,No,No,25,3,advance,No,No,0.67
345,54,24,92606,3,No,Yes,56,3,advance,No,No,1.4
346,51,27,92192,4,No,No,5,2,graduate,Yes,No,0.5
347,44,19,90745,3,No,No,1,2,graduate,No,No,2.7
348,25,0,94305,2,No,Yes,1,3,advance,Yes,Yes,1.6
349,40,15,95060,4,Yes,Yes,1,1,undergraduate,No,Yes,6.6
350,26,2,93407,2,Yes,No,50,1,undergraduate,No,No,3
351,39,14,94301,1,No,No,1,3,advance,Yes,No,1
352,28,4,92182,4,Yes,No,1,2,graduate,No,No,5.3
353,52,28,92692,4,No,Yes,1,2,graduate,No,No,1
354,53,29,95818,4,No,No,1,2,graduate,No,No,1.1
355,44,20,90277,2,No,No,166,1,undergraduate,No,No,1.4
356,43,19,92101,3,No,Yes,1,3,advance,No,No,0.3
357,56,30,94704,2,No,No,13,3,advance,No,No,0.4
358,38,14,94610,1,No,No,7,2,graduate,No,No,2
359,30,6,94539,2,No,No,1,1,undergraduate,No,No,4.33
360,32,6,93106,1,No,No,1,3,advance,No,No,1.9
361,35,10,94539,4,No,No,1,1,undergraduate,No,No,1.3
362,43,19,90254,2,No,No,1,1,undergraduate,No,No,7.5
363,58,32,94590,2,No,Yes,131,1,undergraduate,No,No,1.4
364,25,0,92691,2,No,No,1,2,graduate,No,No,1.7
365,54,24,92028,3,No,Yes,63,3,advance,No,No,1
366,57,32,90089,1,Yes,No,170,2,graduate,No,No,6.8
367,50,24,92717,1,No,No,1,3,advance,No,No,0.3
368,32,8,95054,2,No,No,84,2,graduate,No,No,2
369,63,37,92054,2,No,No,72,3,advance,No,No,1
370,31,6,95051,2,No,Yes,1,1,undergraduate,No,No,2.5
371,36,12,92101,4,No,No,62,1,undergraduate,No,No,1
372,58,34,92029,4,No,No,1,1,undergraduate,No,No,0.7
373,56,30,93105,4,No,No,83,2,graduate,No,No,0.7
374,49,25,90291,4,No,Yes,32,1,undergraduate,No,No,1
375,30,5,91941,2,No,No,107,1,undergraduate,No,No,3.1
376,33,7,92346,3,No,No,1,1,undergraduate,No,No,1.6
377,45,21,94304,3,No,No,1,1,undergraduate,No,No,0.7
378,30,5,94402,4,No,No,1,2,graduate,No,No,2
379,47,23,94618,2,No,No,1,3,advance,No,No,2.1
380,25,0,92093,2,No,No,1,2,graduate,No,No,1.7
381,63,33,94305,1,No,Yes,1,3,advance,No,No,1.5
382,55,29,95616,2,No,Yes,1,3,advance,No,No,2.3
383,65,41,94904,4,Yes,Yes,1,1,undergraduate,No,No,2
384,44,18,94608,1,No,No,1,1,undergraduate,No,No,0.2
385,51,25,93077,4,No,Yes,1,3,advance,No,No,0.6
386,35,9,93943,3,No,No,1,1,undergraduate,No,No,0.9
387,30,5,95051,4,No,No,1,2,graduate,No,No,1.7
388,31,5,95482,4,No,No,1,2,graduate,No,No,1.8
389,54,30,95814,4,Yes,No,1,3,advance,No,No,3.4
390,45,20,90024,1,No,Yes,1,1,undergraduate,No,No,7
391,45,19,92521,1,No,No,1,1,undergraduate,No,No,0.2
392,58,32,94080,3,No,Yes,1,3,advance,No,No,0.3
393,54,29,91709,4,No,No,1,3,advance,No,No,1.8
394,53,28,90095,4,No,Yes,31,3,advance,Yes,Yes,0.1
395,33,9,91311,4,No,Yes,1,1,undergraduate,No,No,3.4
396,60,35,94509,2,No,No,1,1,undergraduate,No,No,2.8
397,50,24,93023,4,No,No,1,1,undergraduate,No,No,0.1
398,26,2,90503,3,No,No,1,2,graduate,No,No,0.7
399,54,30,94608,2,No,No,1,1,undergraduate,No,No,0.4
400,28,3,90024,4,No,Yes,1,1,undergraduate,No,No,0.2
401,36,10,94542,3,Yes,No,1,1,undergraduate,No,No,6.6
402,29,2,95747,4,No,Yes,33,2,graduate,No,No,1.5
403,54,28,91604,1,No,Yes,51,1,undergraduate,No,Yes,4.9
404,55,30,92647,2,No,No,1,2,graduate,No,No,1.9
405,61,36,92866,3,No,No,89,2,graduate,No,No,0.5
406,36,11,90245,1,No,Yes,140,1,undergraduate,Yes,Yes,3.8
407,45,19,92354,1,No,No,1,1,undergraduate,No,No,2.4
408,64,40,93437,1,No,No,1,3,advance,No,No,1.8
409,60,36,91745,2,No,No,1,1,undergraduate,No,No,2.8
410,49,22,90019,1,No,No,44,2,graduate,No,No,2.67
411,47,23,94111,2,No,Yes,1,1,undergraduate,No,No,3.3
412,60,36,92182,4,No,No,1,3,advance,Yes,No,2.3
413,45,20,93311,4,No,No,1,3,advance,No,No,1.9
414,32,7,92407,3,No,No,1,1,undergraduate,No,No,2.3
415,52,28,94309,3,No,Yes,1,2,graduate,No,No,1.9
416,35,8,93106,4,No,No,43,2,graduate,No,No,1
417,40,15,94304,2,No,No,1,1,undergraduate,No,No,0.4
418,53,29,90073,4,No,No,1,2,graduate,No,No,1
419,27,0,90089,4,No,No,1,3,advance,No,No,1
420,58,33,94501,4,No,Yes,1,1,undergraduate,No,No,2.1
421,47,22,93105,4,No,Yes,1,3,advance,No,No,3.6
422,28,3,92333,4,Yes,No,1,2,graduate,No,No,3.1
423,46,20,91380,2,No,No,1,1,undergraduate,Yes,Yes,6.3
424,43,19,95616,2,No,No,1,1,undergraduate,No,No,7.5
425,56,30,92029,1,No,No,1,1,undergraduate,No,No,0.2
426,28,3,90505,4,No,No,1,1,undergraduate,No,No,0.8
427,42,18,92182,3,No,Yes,1,1,undergraduate,No,No,2.33
428,32,7,92521,3,No,Yes,36,1,undergraduate,No,No,1.3
429,62,38,94720,2,No,Yes,36,1,undergraduate,No,No,1
430,37,13,94998,4,No,No,1,2,graduate,No,No,0.1
431,51,26,94086,1,No,No,75,3,advance,No,No,1.3
432,39,13,94305,3,No,No,109,1,undergraduate,No,No,2.1
433,43,17,91311,1,No,No,1,1,undergraduate,No,No,5.7
434,52,28,91330,4,No,Yes,59,1,undergraduate,No,No,0.2
435,30,6,95819,1,No,No,1,2,graduate,No,No,1.8
436,52,26,94709,3,No,No,1,1,undergraduate,No,No,0.8
437,61,35,92122,3,No,No,33,3,advance,No,No,1.4
438,36,9,95825,4,No,No,1,2,graduate,Yes,No,1
439,58,32,93943,2,Yes,Yes,39,2,graduate,No,Yes,3.8
440,47,23,94304,4,No,No,1,1,undergraduate,No,No,0.6
441,64,39,92626,2,No,No,57,1,undergraduate,No,No,1.5
442,52,27,93555,1,No,No,1,2,graduate,Yes,No,1.3
443,58,28,95136,1,Yes,No,35,3,advance,No,No,3
444,48,24,90509,1,No,No,1,1,undergraduate,No,No,1
445,64,40,93106,2,No,Yes,1,3,advance,No,No,0
446,58,32,94590,3,No,No,1,3,advance,No,No,2.2
447,47,23,93108,1,No,Yes,1,1,undergraduate,No,No,1
448,49,23,95134,1,No,No,1,3,advance,No,No,1.4
449,31,4,94588,4,No,Yes,1,2,graduate,No,No,2
450,61,37,91706,3,No,No,1,3,advance,No,No,2
451,51,25,95747,1,No,Yes,1,1,undergraduate,No,No,0.3
452,28,-2,94132,2,No,No,14,3,advance,No,No,1.75
453,39,13,94022,3,No,No,1,2,graduate,No,No,0.2
454,54,28,92109,4,No,No,1,2,graduate,Yes,No,2.8
455,50,24,94110,3,No,No,1,3,advance,No,No,0.9
456,30,4,91107,4,No,No,1,2,graduate,No,No,2.2
457,64,39,92068,3,No,No,36,2,graduate,No,No,0.5
458,29,3,94303,3,No,No,1,3,advance,No,No,0.3
459,48,24,95841,1,No,Yes,1,1,undergraduate,No,No,1
460,35,10,91107,2,No,No,169,1,undergraduate,No,No,3
461,60,36,90277,2,No,Yes,1,1,undergraduate,No,No,2.1
462,55,30,92123,2,No,No,1,1,undergraduate,Yes,No,3.7
463,29,4,91423,3,Yes,No,1,3,advance,No,No,8.3
464,48,22,94928,2,Yes,No,1,2,graduate,Yes,Yes,5.5
465,43,19,94305,4,Yes,Yes,1,3,advance,No,No,3.6
466,66,42,94305,1,No,No,82,2,graduate,No,No,1.9
467,25,0,91342,2,No,No,1,3,advance,No,No,0.9
468,45,20,90232,1,No,Yes,1,1,undergraduate,No,No,2.4
469,34,10,92634,1,No,No,1,3,advance,No,No,0.5
470,48,23,94609,2,No,Yes,1,3,advance,No,No,0.7
471,32,6,91006,4,No,No,1,2,graduate,No,No,1.8
472,50,24,91768,4,No,Yes,75,1,undergraduate,No,No,0.1
473,43,19,90007,4,No,No,69,1,undergraduate,No,No,0.3
474,64,39,93955,1,Yes,No,174,2,graduate,No,No,1.2
475,60,34,90028,2,No,No,1,1,undergraduate,No,No,6.9
476,43,19,92008,3,Yes,No,1,2,graduate,No,No,6.1
477,60,34,92717,1,No,Yes,1,2,graduate,Yes,No,0.8
478,64,39,95112,4,No,No,5,2,graduate,No,No,0.4
479,44,20,95060,2,No,Yes,1,1,undergraduate,No,No,3.3
480,60,36,92154,2,No,Yes,171,1,undergraduate,No,No,6
481,54,29,94998,3,No,Yes,1,3,advance,No,No,1.6
482,33,9,94063,1,No,Yes,1,1,undergraduate,No,No,1.2
483,56,32,94022,1,Yes,No,13,2,graduate,No,Yes,4.6
484,29,5,90095,3,No,No,1,2,graduate,No,No,1
485,25,1,95023,2,No,Yes,1,1,undergraduate,No,No,0.2
486,60,34,95014,1,No,No,1,2,graduate,No,No,0.8
487,55,30,92173,2,No,No,144,1,undergraduate,Yes,No,3.7
488,39,13,94117,4,No,Yes,1,2,graduate,No,No,1.4
489,37,13,94122,3,No,No,1,1,undergraduate,No,No,2.8
490,53,28,91380,2,No,Yes,1,3,advance,No,Yes,2.1
491,34,10,94303,2,No,No,1,1,undergraduate,No,No,2.7
492,42,18,92115,4,No,No,26,1,undergraduate,Yes,No,0.3
493,60,36,94596,4,No,No,1,1,undergraduate,No,No,1.3
494,50,24,94720,1,No,Yes,1,1,undergraduate,No,No,1
495,41,17,92647,2,No,No,1,1,undergraduate,No,No,8
496,25,0,94545,4,No,Yes,1,2,graduate,No,No,0.6
497,50,24,94301,2,No,No,1,3,advance,No,No,0.4
498,48,22,90623,4,No,No,1,3,advance,No,No,2.6
499,32,8,95023,1,No,Yes,1,3,advance,No,No,2.1
500,50,25,93108,3,No,No,1,2,graduate,No,No,1.7
501,59,33,92177,2,No,No,1,1,undergraduate,No,No,0.3
502,50,26,90640,3,No,No,1,2,graduate,No,No,1.9
503,44,19,92833,1,No,No,1,2,graduate,No,No,0.1
504,31,5,94022,4,No,Yes,90,3,advance,No,No,1.8
505,40,10,94720,3,No,No,1,3,advance,No,No,2
506,36,12,94305,3,Yes,No,1,2,graduate,No,No,3.1
507,51,25,94608,3,No,No,1,3,advance,No,No,0.9
508,64,40,91380,3,No,No,1,3,advance,No,No,0.1
509,47,22,95521,2,No,No,1,3,advance,No,No,0.7
510,52,28,90503,2,No,No,33,1,undergraduate,No,No,6.8
511,51,26,95136,1,No,No,108,2,graduate,No,No,1.3
512,31,5,94143,4,No,No,1,2,graduate,No,No,2.2
513,39,14,95035,3,No,Yes,30,1,undergraduate,No,No,3
514,30,6,94607,1,No,No,1,3,advance,No,No,2.1
515,27,1,91730,3,No,No,1,3,advance,No,No,0.3
516,41,16,92780,1,No,Yes,103,3,advance,No,No,1
517,53,27,90009,3,No,No,1,2,graduate,No,No,1.7
518,54,27,92834,3,No,No,80,2,graduate,No,No,1
519,28,4,92677,1,No,No,1,2,graduate,No,No,1.8
520,34,9,95616,1,No,No,27,3,advance,No,No,2.5
521,61,37,90024,4,No,Yes,47,2,graduate,No,No,1.2
522,48,24,92518,4,No,No,1,2,graduate,No,No,1.4
523,36,11,91007,1,No,No,109,1,undergraduate,No,No,2.8
524,56,31,93023,4,No,No,1,1,undergraduate,No,No,0.9
525,24,-1,93014,4,No,No,1,1,undergraduate,No,No,0.2
526,64,38,94024,2,No,No,87,1,undergraduate,No,No,2.8
527,26,2,93106,1,No,Yes,131,1,undergraduate,No,No,6.33
528,33,8,90027,2,No,No,14,1,undergraduate,No,No,0.1
529,64,39,90089,4,Yes,No,161,1,undergraduate,No,No,0.2
530,39,15,95207,1,No,No,1,2,graduate,No,No,0.8
531,54,30,91706,2,No,Yes,1,1,undergraduate,No,No,0.2
532,32,6,90401,4,No,Yes,1,3,advance,Yes,Yes,2.1
533,62,37,94305,2,No,Yes,34,1,undergraduate,No,Yes,2.8
534,27,2,92807,1,No,No,1,1,undergraduate,No,No,1.9
535,53,28,93117,2,No,No,1,3,advance,Yes,No,0.6
536,51,25,94143,1,No,No,1,1,undergraduate,No,No,0.3
537,25,-1,92173,3,No,No,85,2,graduate,No,No,2.4
538,44,20,90717,1,Yes,No,1,3,advance,No,No,4.9
539,31,5,94534,1,No,Yes,3,2,graduate,No,No,0.4
540,57,32,94720,1,No,No,37,3,advance,No,No,0.3
541,25,-1,94010,4,No,No,149,3,advance,No,No,2.3
542,30,6,95014,2,No,No,1,1,undergraduate,No,No,4.33
543,40,14,94709,3,No,No,1,1,undergraduate,No,No,0.1
544,63,38,94704,3,No,Yes,15,1,undergraduate,No,No,2.4
545,35,10,91614,2,No,No,1,1,undergraduate,No,No,7.8
546,43,19,94303,4,No,No,12,1,undergraduate,No,No,0.3
547,27,2,94025,3,No,No,97,3,advance,Yes,No,2.6
548,44,14,94132,3,No,Yes,88,3,advance,Yes,Yes,2
549,49,23,94117,1,No,Yes,1,3,advance,No,No,1.4
550,61,36,94110,3,No,Yes,1,2,graduate,No,No,1.3
551,60,34,94301,3,No,Yes,1,2,graduate,No,No,0.3
552,59,34,93118,1,No,Yes,1,1,undergraduate,No,No,0.1
553,28,3,90024,4,No,No,111,1,undergraduate,No,No,2.2
554,52,28,91330,2,No,No,1,1,undergraduate,No,No,0.3
555,28,2,94720,2,No,No,1,1,undergraduate,No,No,7.2
556,34,8,92037,4,No,Yes,55,1,undergraduate,No,Yes,0.8
557,60,34,93105,3,No,No,47,3,advance,No,No,0.3
558,39,15,95039,2,No,Yes,1,1,undergraduate,No,No,1.9
559,30,5,95064,4,No,No,1,2,graduate,Yes,No,2
560,49,25,95818,4,No,No,56,1,undergraduate,No,No,0.2
561,43,18,93943,1,No,No,1,3,advance,No,No,3.7
562,63,33,94234,4,No,No,1,3,advance,No,No,1.67
563,28,3,94035,1,No,Yes,1,2,graduate,No,No,0.8
564,51,27,94608,4,No,No,1,1,undergraduate,No,No,1
565,33,7,94904,1,No,No,66,3,advance,No,No,0.6
566,55,29,90210,3,No,No,1,1,undergraduate,No,No,0.8
567,53,28,95060,3,Yes,Yes,1,3,advance,No,Yes,3.6
568,34,8,95112,3,No,No,1,1,undergraduate,No,No,0.9
569,34,9,92101,2,No,Yes,75,1,undergraduate,No,No,0.1
570,40,14,95136,3,No,No,90,1,undergraduate,No,No,2.1
571,49,25,94928,3,Yes,No,172,2,graduate,Yes,Yes,6.5
572,35,9,94143,4,No,No,1,2,graduate,No,No,2.2
573,39,15,92333,1,No,No,1,1,undergraduate,No,No,3.4
574,55,28,95020,3,No,Yes,1,2,graduate,No,No,1
575,29,5,94709,2,No,Yes,1,2,graduate,No,No,2
576,54,30,91107,1,No,No,1,2,graduate,No,No,2.7
577,25,-1,92870,3,No,Yes,1,3,advance,No,No,0.3
578,52,28,94043,2,No,No,1,1,undergraduate,No,No,6.8
579,46,19,92124,3,No,Yes,1,2,graduate,No,No,2.5
580,57,33,93524,1,No,No,1,2,graduate,No,No,2.7
581,52,22,90049,4,No,Yes,1,3,advance,No,No,0.4
582,28,3,94521,4,No,Yes,1,1,undergraduate,No,No,2.2
583,44,18,95678,1,No,No,68,3,advance,No,No,0.7
584,24,-1,95045,2,No,No,1,2,graduate,No,No,1.7
585,40,16,91604,1,No,No,141,1,undergraduate,No,No,3.4
586,34,4,92653,4,No,No,1,3,advance,No,No,4
587,39,14,94305,2,No,Yes,1,1,undergraduate,No,No,0.4
588,50,24,93305,1,No,No,132,1,undergraduate,No,No,4.9
589,41,17,93117,2,No,Yes,1,1,undergraduate,No,Yes,2.5
590,31,7,92821,1,No,No,1,1,undergraduate,No,No,6
591,29,3,94612,4,No,No,1,3,advance,No,No,2.1
592,30,5,92037,1,No,No,1,1,undergraduate,No,No,1
593,44,20,95051,4,No,Yes,1,3,advance,Yes,Yes,2
594,33,7,90025,4,No,No,1,2,graduate,No,No,2.2
595,50,26,94143,1,No,No,60,1,undergraduate,No,No,0
596,42,18,92121,1,No,No,18,1,undergraduate,No,No,1.8
597,48,22,94022,1,Yes,No,1,3,advance,No,No,3.5
598,24,-2,92835,2,No,Yes,1,1,undergraduate,Yes,No,7.2
599,56,31,92374,2,No,No,15,3,advance,No,No,0.2
600,28,4,94720,2,No,Yes,1,1,undergraduate,No,No,2.5
601,56,30,94143,2,No,No,1,1,undergraduate,No,No,0.5
602,58,32,91320,1,No,Yes,1,1,undergraduate,No,No,1.4
603,29,5,95035,2,No,No,1,1,undergraduate,No,No,0.6
604,63,38,94720,2,No,No,14,2,graduate,No,No,0.5
605,28,3,90245,4,No,Yes,116,1,undergraduate,No,No,2.2
606,57,31,91330,1,No,Yes,1,1,undergraduate,No,No,0.2
607,34,8,91741,3,No,No,101,2,graduate,No,No,0.9
608,28,3,95014,1,Yes,No,1,3,advance,No,No,0.1
609,27,2,91910,4,No,No,1,2,graduate,No,No,1.7
610,37,11,91770,4,No,No,1,3,advance,No,No,1.5
611,52,28,94132,3,No,No,133,2,graduate,No,No,1.8
612,49,23,94701,4,No,No,9,1,undergraduate,No,No,1.8
613,65,40,90095,1,No,Yes,1,1,undergraduate,No,No,1.3
614,60,35,94904,1,No,No,1,1,undergraduate,Yes,No,0.9
615,37,12,90034,1,No,Yes,1,1,undergraduate,No,No,8.6
616,63,37,93943,2,No,No,1,1,undergraduate,No,No,6.9
617,40,14,94025,2,No,Yes,1,3,advance,No,No,1.4
618,46,20,94024,4,No,No,1,3,advance,No,No,2.6
619,63,37,91320,2,No,No,35,3,advance,No,No,0.7
620,57,27,93106,1,No,No,1,3,advance,No,No,3
621,33,8,91129,4,Yes,No,1,2,graduate,No,No,2.9
622,41,17,91125,2,No,No,1,2,graduate,No,No,1.8
623,41,17,93555,2,No,No,49,1,undergraduate,No,No,1.9
624,44,19,95616,1,No,No,5,3,advance,No,No,0.3
625,33,6,92821,2,No,No,41,2,graduate,No,No,1.67
626,52,28,95605,2,No,No,103,3,advance,No,No,1
627,30,6,94305,1,No,Yes,23,3,advance,No,No,0.2
628,45,19,92677,3,No,No,1,1,undergraduate,No,No,2.1
629,49,24,90071,1,No,No,1,2,graduate,No,No,1.3
630,45,19,91711,4,No,Yes,106,1,undergraduate,No,Yes,2.9
631,32,7,96651,3,No,Yes,30,1,undergraduate,No,No,1.3
632,45,18,94960,3,No,No,1,2,graduate,No,No,1
633,57,32,94720,4,Yes,No,1,3,advance,No,No,2.7
634,61,31,94583,1,No,Yes,1,3,advance,No,No,1.5
635,57,31,90034,3,No,Yes,1,1,undergraduate,Yes,Yes,1.4
636,60,35,90509,3,No,No,80,1,undergraduate,No,No,0.2
637,40,16,92037,2,No,No,95,1,undergraduate,No,No,6.1
638,53,28,90245,4,No,No,1,3,advance,No,No,0.1
639,42,16,92054,3,No,No,1,1,undergraduate,No,No,1.5
640,62,36,92646,2,No,Yes,1,3,advance,No,No,0.2
641,43,18,94960,1,No,No,153,3,advance,Yes,No,3.7
642,35,10,95060,2,No,No,1,1,undergraduate,No,No,7.8
643,50,24,94132,1,No,No,1,1,undergraduate,No,No,0.3
644,45,21,91902,2,No,No,1,1,undergraduate,No,No,1.4
645,52,27,92121,2,No,No,1,2,graduate,No,No,2
646,35,9,95120,4,No,No,151,2,graduate,No,No,2.2
647,58,33,90033,4,No,No,1,1,undergraduate,No,No,1.7
648,62,38,95064,4,No,Yes,42,1,undergraduate,Yes,Yes,2.2
649,50,25,95621,1,No,No,1,2,graduate,No,No,1.3
650,25,-1,92677,4,No,No,1,3,advance,No,No,2.1
651,47,22,90037,1,Yes,No,76,3,advance,Yes,No,5.1
652,28,4,92121,3,No,No,49,1,undergraduate,No,No,1.5
653,34,9,90005,1,No,No,1,1,undergraduate,No,No,2.8
654,49,23,92691,2,No,Yes,99,2,graduate,No,No,2.4
655,54,29,93940,4,Yes,No,1,3,advance,No,No,4.2
656,50,25,91109,2,No,No,1,3,advance,No,No,0.7
657,37,11,94539,1,No,No,61,3,advance,No,No,2.8
658,38,8,95207,1,No,No,1,3,advance,No,No,0.67
659,52,26,91711,3,No,No,1,3,advance,No,No,0.9
660,63,39,93009,4,No,Yes,1,2,graduate,No,No,1.7
661,39,14,92126,2,No,No,1,1,undergraduate,No,No,3.3
662,63,38,94720,2,No,No,1,1,undergraduate,No,No,2.8
663,65,41,93561,3,Yes,No,1,2,graduate,No,No,2
664,46,20,90503,3,No,No,1,2,graduate,No,No,2.2
665,54,30,95126,1,No,Yes,110,3,advance,No,No,1.8
666,54,24,92866,4,No,No,1,3,advance,Yes,No,2
667,52,26,92120,1,No,Yes,1,1,undergraduate,Yes,Yes,2.4
668,63,39,93106,3,No,No,93,3,advance,Yes,No,2
669,66,41,94010,3,No,No,1,1,undergraduate,No,No,0.5
670,56,29,94109,4,No,No,1,2,graduate,No,No,2.5
671,23,-1,92374,4,No,No,115,1,undergraduate,No,No,2.6
672,65,41,92612,1,Yes,No,136,2,graduate,Yes,Yes,3
673,51,27,96651,1,No,No,1,1,undergraduate,No,No,0.2
674,34,10,95670,1,No,No,11,3,advance,No,No,0.5
675,49,23,95827,3,No,No,1,1,undergraduate,No,No,2.1
676,29,2,91711,1,No,No,74,2,graduate,No,No,2
677,47,23,94063,1,No,Yes,25,3,advance,No,No,0.9
678,46,21,92780,2,No,No,1,1,undergraduate,No,No,2.8
679,52,27,92101,4,No,No,100,3,advance,No,No,1.8
680,55,31,92093,3,No,No,158,2,graduate,No,No,1.8
681,61,36,94706,3,No,Yes,1,1,undergraduate,No,No,1.5
682,34,9,94720,1,Yes,No,1,3,advance,No,No,6
683,58,34,90504,1,No,Yes,1,2,graduate,No,No,0.1
684,40,16,91311,1,No,No,1,2,graduate,No,No,3.6
685,43,17,90266,1,No,No,167,1,undergraduate,No,No,2.4
686,35,8,93107,2,No,No,1,2,graduate,No,No,1.67
687,24,-1,92612,4,No,No,1,2,graduate,No,No,0.6
688,48,22,92120,2,No,No,1,2,graduate,No,No,1.5
689,44,20,94304,4,No,No,100,1,undergraduate,No,No,1.9
690,54,30,94591,1,No,No,1,1,undergraduate,Yes,Yes,0.3
691,59,34,94115,2,No,No,2,3,advance,No,No,1.6
692,45,18,90025,3,No,Yes,34,2,graduate,No,No,2.5
693,26,2,94720,1,No,No,32,3,advance,No,No,1
694,40,15,92096,2,No,No,29,3,advance,No,No,2.2
695,32,7,90740,1,No,No,7,1,undergraduate,No,No,3.8
696,29,4,92717,1,No,No,1,1,undergraduate,No,No,1.9
697,51,27,92251,2,No,No,8,3,advance,No,No,1
698,42,17,92648,1,No,No,1,3,advance,No,No,3.7
699,64,38,92028,1,No,No,107,3,advance,No,No,2.5
700,44,20,95060,1,No,No,16,3,advance,No,No,0.8
701,37,11,90089,2,No,Yes,1,1,undergraduate,No,No,1.8
702,44,19,93106,3,No,Yes,1,3,advance,No,No,0.8
703,35,9,92709,3,Yes,No,1,1,undergraduate,No,No,4
704,41,17,94022,2,No,No,17,1,undergraduate,No,No,7.6
705,56,32,94065,1,No,No,1,1,undergraduate,No,No,7.4
706,62,36,94720,3,No,No,1,2,graduate,No,No,0.7
707,58,34,95819,1,No,No,1,1,undergraduate,No,No,4.7
708,47,20,95064,3,No,Yes,1,2,graduate,No,No,0.67
709,35,10,92182,3,No,No,35,1,undergraduate,No,No,1.3
710,29,4,95841,4,No,No,1,1,undergraduate,No,No,2.2
711,43,17,94085,3,No,Yes,12,3,advance,No,No,0.9
712,62,37,91754,3,No,No,91,2,graduate,Yes,No,1.8
713,41,16,94123,2,No,No,1,2,graduate,No,No,0.3
714,34,9,92009,3,No,No,1,2,graduate,No,No,0.6
715,50,23,92068,3,No,No,1,2,graduate,No,No,2
716,47,23,92130,1,No,Yes,1,1,undergraduate,Yes,Yes,1
717,29,5,96064,4,No,Yes,75,2,graduate,No,No,0.4
718,59,34,93940,3,No,Yes,1,1,undergraduate,No,No,0.5
719,56,31,90024,2,No,Yes,55,3,advance,No,Yes,0.2
720,61,35,92521,3,No,No,1,1,undergraduate,Yes,No,4.4
721,58,32,94025,1,No,No,1,3,advance,No,No,2.2
722,49,24,92717,1,No,No,1,3,advance,No,No,1.4
723,45,21,91103,3,Yes,Yes,1,2,graduate,No,Yes,1.2
724,50,24,94301,4,No,No,1,1,undergraduate,No,No,2.6
725,64,38,94086,1,No,No,1,1,undergraduate,No,No,2
726,39,15,92037,2,No,No,1,1,undergraduate,No,No,6.1
727,58,33,91030,4,No,No,1,1,undergraduate,No,No,2.1
728,62,37,92037,3,No,No,1,2,graduate,No,No,1.3
729,45,20,94720,2,Yes,No,1,2,graduate,No,No,4.4
730,58,28,93106,1,No,Yes,1,3,advance,No,No,3
731,43,18,95616,1,No,No,99,1,undergraduate,No,No,7
732,28,3,90066,2,No,Yes,1,1,undergraduate,No,No,3.3
733,26,1,90064,1,No,No,1,1,undergraduate,No,No,1.9
734,49,24,92009,1,No,No,1,1,undergraduate,No,No,1.2
735,66,42,92182,2,No,Yes,1,1,undergraduate,No,No,1.1
736,33,7,95403,4,No,No,1,2,graduate,No,No,2.2
737,61,35,91016,3,Yes,No,1,3,advance,No,No,3.3
738,64,37,94709,2,Yes,No,1,2,graduate,No,No,2.8
739,36,10,94596,4,No,No,1,2,graduate,No,No,2.2
740,49,23,91902,2,No,No,1,2,graduate,No,No,2.4
741,52,27,90266,1,No,No,1,1,undergraduate,No,No,8.1
742,61,37,94590,1,No,No,1,3,advance,No,No,1.2
743,32,6,92626,1,No,No,1,1,undergraduate,No,No,2.5
744,61,37,94539,4,No,Yes,1,1,undergraduate,Yes,Yes,2.2
745,45,20,94720,2,No,No,1,1,undergraduate,Yes,No,2.8
746,30,4,93955,3,No,Yes,1,2,graduate,No,No,1.1
747,62,37,95051,4,No,No,1,2,graduate,No,No,3.4
748,57,32,94112,3,No,No,1,2,graduate,Yes,Yes,0.1
749,41,17,91330,1,No,No,1,1,undergraduate,No,No,1
750,58,34,92008,4,No,Yes,1,2,graduate,No,No,1.6
751,29,5,93106,2,No,No,1,1,undergraduate,No,No,4.33
752,53,28,90210,1,No,No,156,3,advance,No,No,1.3
753,64,39,90071,4,No,No,1,2,graduate,No,No,0.6
754,49,23,94720,1,No,Yes,1,2,graduate,No,No,1.2
755,38,14,95020,2,No,Yes,1,1,undergraduate,No,Yes,1.9
756,56,30,91103,4,No,Yes,1,2,graduate,No,No,0.7
757,56,31,95348,4,No,No,1,3,advance,No,No,1.3
758,52,28,91745,3,No,No,1,2,graduate,Yes,No,1.8
759,64,39,90266,1,No,No,1,2,graduate,Yes,No,1.5
760,53,28,91950,2,No,No,1,2,graduate,No,No,1.9
761,29,3,92122,3,No,No,1,2,graduate,No,No,1.1
762,48,24,92152,3,No,No,78,1,undergraduate,No,No,0.7
763,32,6,90504,1,No,No,23,2,graduate,No,No,2.7
764,54,28,94122,1,No,Yes,1,1,undergraduate,No,No,0.2
765,37,13,95051,2,No,Yes,149,2,graduate,No,No,1.7
766,47,21,95822,4,Yes,No,1,1,undergraduate,No,No,1.8
767,37,12,94538,1,No,No,1,1,undergraduate,No,No,2.8
768,64,39,92024,1,No,No,30,3,advance,No,No,1.1
769,43,19,90024,2,No,No,1,1,undergraduate,No,No,1.7
770,33,6,90250,4,No,No,39,2,graduate,Yes,No,2
771,26,2,94551,2,Yes,No,1,2,graduate,No,No,6.9
772,42,18,91614,3,No,No,28,1,undergraduate,Yes,No,2.33
773,54,28,92093,1,Yes,Yes,1,3,advance,No,Yes,4.1
774,41,16,92612,2,No,Yes,1,1,undergraduate,No,No,3.9
775,55,29,92154,1,No,Yes,1,1,undergraduate,No,No,0.2
776,65,39,92835,3,No,Yes,1,2,graduate,No,No,0.7
777,50,26,92121,2,Yes,No,16,3,advance,No,No,4.6
778,55,31,95060,2,No,Yes,3,1,undergraduate,No,No,0.2
779,62,36,94801,2,No,No,1,2,graduate,No,No,0.7
780,53,28,94304,2,Yes,No,1,3,advance,No,No,6.4
781,32,7,92634,4,No,Yes,1,1,undergraduate,No,No,0.8
782,56,32,94588,3,Yes,No,1,3,advance,No,No,3.7
783,54,30,92056,3,Yes,Yes,175,3,advance,Yes,Yes,6
784,44,20,94606,2,No,No,1,1,undergraduate,Yes,No,7.6
785,48,22,94115,2,No,No,1,1,undergraduate,No,No,6.3
786,46,22,94122,2,No,Yes,1,1,undergraduate,No,Yes,7.6
787,45,21,94305,2,No,No,1,1,undergraduate,Yes,No,2.5
788,45,15,91380,3,Yes,No,1,3,advance,No,No,10
789,58,34,92521,4,No,No,1,1,undergraduate,No,No,0.7
790,29,3,92126,4,No,No,1,2,graduate,No,No,0.3
791,55,30,92028,4,No,Yes,1,1,undergraduate,No,No,0.9
792,55,29,94501,4,No,No,1,2,graduate,No,No,2.8
793,41,16,93117,1,No,Yes,1,3,advance,No,No,4
794,24,-2,94720,2,No,No,1,1,undergraduate,No,No,2
795,54,29,91301,2,No,No,1,3,advance,No,No,2.3
796,57,32,92806,2,No,Yes,1,3,advance,No,No,0.2
797,30,6,93657,2,No,No,1,1,undergraduate,No,No,2.5
798,42,17,94998,3,No,No,1,3,advance,No,No,0.5
799,29,2,93063,1,No,No,1,2,graduate,No,No,2
800,29,3,95051,4,No,No,1,3,advance,No,No,2.1
801,31,7,91040,1,No,No,1,1,undergraduate,No,No,6
802,47,23,92612,4,No,No,1,1,undergraduate,No,No,0.2
803,36,12,92521,3,No,No,105,1,undergraduate,No,No,2
804,52,27,92661,4,No,No,8,3,advance,No,No,1.8
805,54,28,94061,4,No,No,1,2,graduate,No,No,0.7
806,55,29,95758,3,Yes,No,146,2,graduate,No,No,5.9
807,53,27,94542,4,No,No,1,3,advance,No,No,1.5
808,52,27,92096,1,No,No,1,1,undergraduate,No,No,8.1
809,64,39,92068,3,No,No,1,1,undergraduate,No,No,2.2
810,54,29,94304,1,No,Yes,1,3,advance,No,No,0.1
811,32,6,92182,2,No,No,1,3,advance,No,No,2
812,63,33,94720,4,No,No,1,3,advance,No,No,1.67
813,36,10,90089,4,No,No,1,2,graduate,No,No,2.2
814,50,25,94720,1,Yes,No,1,2,graduate,No,No,1.1
815,33,8,93943,2,No,Yes,1,1,undergraduate,No,No,0.1
816,62,38,94596,1,No,No,38,2,graduate,No,No,1.9
817,49,23,94035,3,No,Yes,127,2,graduate,No,No,0.7
818,41,15,90291,2,No,No,16,1,undergraduate,No,No,0.7
819,51,27,95039,4,No,Yes,1,2,graduate,No,No,1.1
820,56,30,90024,4,No,No,1,3,advance,No,No,1.5
821,51,25,90740,1,No,No,1,1,undergraduate,No,No,0.3
822,39,13,92093,4,No,No,1,3,advance,No,No,1.5
823,61,35,96091,3,No,No,1,3,advance,No,No,1.4
824,35,9,90509,1,No,Yes,1,1,undergraduate,No,No,2
825,39,15,94801,4,No,No,1,1,undergraduate,Yes,No,2.4
826,37,11,95616,3,No,No,1,2,graduate,No,No,0.2
827,48,21,93555,3,No,No,1,2,graduate,No,No,0.67
828,63,37,94542,2,No,Yes,13,3,advance,No,No,1
829,35,9,94542,4,No,No,2,1,undergraduate,No,No,1
830,55,30,90254,4,No,No,1,2,graduate,No,No,3.8
831,29,5,92407,3,No,No,7,2,graduate,No,No,0.7
832,61,31,94066,4,No,No,1,3,advance,No,No,1.67
833,36,10,90630,4,No,No,1,2,graduate,No,No,1.2
834,61,35,94939,3,No,No,1,3,advance,No,No,2.2
835,36,12,95138,4,Yes,No,1,1,undergraduate,Yes,Yes,5.4
836,58,33,92691,2,No,Yes,94,1,undergraduate,No,No,3.9
837,42,17,92123,3,No,Yes,1,1,undergraduate,No,No,3
838,30,4,92096,1,No,No,7,2,graduate,No,No,0.4
839,45,20,92507,4,No,No,1,3,advance,No,No,1.9
840,39,15,92646,4,No,No,1,1,undergraduate,No,No,2.4
841,27,3,92373,2,No,Yes,148,1,undergraduate,No,No,0.2
842,57,33,94542,1,No,No,1,1,undergraduate,Yes,No,4.3
843,34,10,92101,3,No,No,1,1,undergraduate,No,No,2
844,64,39,94720,3,No,No,1,1,undergraduate,No,No,2.4
845,47,23,95762,1,No,No,46,3,advance,No,No,0.8
846,44,17,94706,3,No,Yes,1,2,graduate,No,No,1
847,51,27,92154,1,No,No,1,1,undergraduate,No,No,2.7
848,40,14,94539,1,No,No,123,3,advance,No,No,1.5
849,57,32,94720,4,No,No,1,2,graduate,No,No,0.9
850,33,8,94305,2,No,Yes,1,1,undergraduate,Yes,Yes,0.1
851,46,20,95054,1,No,No,1,1,undergraduate,No,No,0.2
852,41,16,94521,2,No,No,1,2,graduate,Yes,No,1.4
853,33,7,92064,1,No,Yes,46,3,advance,No,No,0.6
854,27,2,95138,1,No,No,1,1,undergraduate,No,No,0.8
855,52,28,95814,1,No,No,1,2,graduate,Yes,No,2.6
856,59,33,92152,2,No,No,4,1,undergraduate,No,No,2
857,62,38,94025,1,No,No,1,3,advance,No,No,1.8
858,49,25,95616,4,No,Yes,1,1,undergraduate,No,Yes,0.2
859,45,19,94720,3,No,No,1,2,graduate,No,No,0.5
860,63,37,92182,3,Yes,No,81,2,graduate,No,No,5
861,57,31,95841,2,No,No,61,2,graduate,No,No,0.7
862,60,30,92354,1,No,No,43,3,advance,Yes,No,1.5
863,50,23,94025,2,No,No,24,2,graduate,No,No,1
864,54,30,90095,1,No,No,129,3,advance,No,No,1.6
865,28,2,94080,1,No,No,1,2,graduate,No,No,0.1
866,60,34,92037,3,No,Yes,57,3,advance,No,No,0.3
867,44,20,94611,4,No,No,1,1,undergraduate,No,No,1.9
868,61,35,94708,1,No,No,1,1,undergraduate,No,No,1.6
869,40,15,94596,2,No,Yes,1,1,undergraduate,Yes,No,3.3
870,54,30,93014,2,No,Yes,1,1,undergraduate,No,No,0.8
871,43,19,92106,3,No,No,1,1,undergraduate,No,No,0.5
872,54,28,96091,4,No,No,1,2,graduate,No,No,2.8
873,32,7,90095,4,No,No,1,1,undergraduate,No,No,0.8
874,24,0,90740,3,No,No,52,1,undergraduate,No,No,0.8
875,30,4,92056,4,No,Yes,1,3,advance,No,No,2.1
876,61,36,95616,4,No,No,42,2,graduate,No,No,0.4
877,40,14,94025,2,No,No,1,1,undergraduate,No,No,2.8
878,35,11,95123,4,No,No,1,2,graduate,No,No,0.1
879,33,3,95616,4,No,No,1,3,advance,No,No,4
880,63,37,91768,4,No,No,1,2,graduate,No,No,1.9
881,57,31,91604,1,No,No,86,1,undergraduate,No,No,0.2
882,44,19,92116,2,No,No,1,1,undergraduate,No,No,8.8
883,51,25,94117,1,No,No,1,1,undergraduate,No,No,1.7
884,51,26,92703,1,No,No,145,1,undergraduate,No,No,1.2
885,38,13,91709,2,No,No,1,2,graduate,No,No,1.1
886,31,5,94304,4,No,No,1,2,graduate,No,No,0.3
887,54,29,93907,3,No,No,1,2,graduate,No,No,2
888,41,16,94720,2,No,No,1,1,undergraduate,No,No,3.3
889,57,33,94114,2,Yes,No,160,3,advance,No,No,3.3
890,24,-2,91103,2,No,Yes,1,3,advance,No,No,1.6
891,55,29,92780,4,No,No,6,3,advance,No,No,1.5
892,32,6,94102,4,Yes,Yes,142,1,undergraduate,No,Yes,5.4
893,38,12,95616,2,No,No,1,2,graduate,No,No,2.4
894,58,32,93943,3,No,Yes,1,1,undergraduate,No,No,1.4
895,29,4,95064,4,No,Yes,113,1,undergraduate,No,No,2.2
896,43,17,94608,4,No,Yes,139,3,advance,Yes,Yes,2.6
897,50,24,95133,3,Yes,No,104,1,undergraduate,No,No,3.4
898,62,37,92691,4,No,Yes,55,2,graduate,No,No,0.4
899,57,32,94111,4,No,No,1,1,undergraduate,No,No,0.7
900,30,3,91302,3,Yes,Yes,1,2,graduate,No,No,3.4
901,30,4,94709,4,No,Yes,82,1,undergraduate,No,No,0.2
902,57,33,95616,4,No,No,1,1,undergraduate,No,No,0.7
903,57,33,95054,2,No,No,1,1,undergraduate,No,No,1.6
904,43,18,90048,1,No,No,121,1,undergraduate,No,No,2.4
905,28,2,90503,4,No,No,1,2,graduate,Yes,No,1.8
906,46,22,94720,1,No,Yes,10,1,undergraduate,No,No,1
907,29,3,94720,2,No,No,48,1,undergraduate,No,No,2
908,64,40,91711,2,No,Yes,35,3,advance,No,No,0.3
909,66,36,93023,4,No,Yes,1,3,advance,No,No,1.67
910,23,-1,91709,1,No,Yes,145,1,undergraduate,No,No,6.33
911,60,36,92120,1,No,Yes,1,3,advance,No,No,1.8
912,47,21,94538,4,No,No,1,3,advance,No,No,2.6
913,35,10,94105,1,No,No,1,2,graduate,No,No,2.6
914,57,32,92507,2,No,No,1,2,graduate,Yes,No,2
915,65,41,91711,3,Yes,Yes,1,1,undergraduate,Yes,Yes,0.4
916,53,28,94550,1,No,No,143,1,undergraduate,No,No,8.1
917,44,20,92192,2,No,No,1,1,undergraduate,No,No,3.2
918,45,20,90405,2,No,Yes,1,1,undergraduate,No,No,8.8
919,41,16,92325,3,No,No,1,3,advance,No,No,0.5
920,51,27,91116,1,No,Yes,1,2,graduate,Yes,No,2.6
921,27,1,94501,3,No,No,1,2,graduate,No,No,2.4
922,31,5,92096,3,No,Yes,45,1,undergraduate,No,No,1.6
923,32,6,92868,1,No,No,1,1,undergraduate,Yes,Yes,0.3
924,55,30,95123,1,No,No,1,2,graduate,No,No,1.5
925,55,30,91330,4,No,No,1,3,advance,Yes,No,0.1
926,42,18,94720,1,No,Yes,1,3,advance,No,No,0.3
927,33,9,93940,4,No,No,25,2,graduate,No,No,0.4
928,65,40,95014,3,Yes,Yes,56,2,graduate,No,No,3.7
929,35,10,90638,4,No,No,1,1,undergraduate,No,No,1.3
930,55,30,92121,1,No,Yes,16,2,graduate,No,No,1.5
931,28,4,92103,3,No,No,1,2,graduate,No,No,0.1
932,27,3,91302,1,No,No,1,3,advance,No,No,1
933,51,27,94720,3,No,Yes,1,2,graduate,Yes,Yes,1.8
934,50,23,92064,2,No,No,1,2,graduate,No,No,1
935,58,33,91320,2,No,No,1,3,advance,No,No,0
936,46,20,95929,1,No,Yes,124,1,undergraduate,No,No,5.7
937,62,32,92109,1,No,No,1,3,advance,Yes,No,1.5
938,38,13,92093,3,No,No,1,2,graduate,Yes,No,0.7
939,62,37,95818,4,No,No,43,2,graduate,Yes,No,0.4
940,56,32,93943,2,No,Yes,1,1,undergraduate,No,No,0.3
941,61,36,94303,1,Yes,No,97,3,advance,No,No,4.7
942,38,13,92093,4,Yes,No,58,1,undergraduate,No,No,4.4
943,55,29,91320,4,No,Yes,1,2,graduate,No,No,0.7
944,30,4,94701,4,No,No,1,2,graduate,No,No,1.8
945,41,15,90503,4,No,Yes,1,3,advance,No,No,1.5
946,57,32,91745,1,No,No,1,2,graduate,No,No,1.5
947,36,11,91355,4,No,No,1,3,advance,No,No,2.1
948,55,29,94305,3,No,No,10,3,advance,No,No,2.2
949,30,4,92037,1,No,Yes,125,3,advance,No,No,2.9
950,40,16,94720,3,No,No,98,2,graduate,No,No,0.6
951,32,6,95054,4,No,No,1,2,graduate,No,No,1.8
952,59,34,94105,2,Yes,No,1,3,advance,No,No,3.4
953,44,20,93943,2,No,Yes,173,1,undergraduate,No,No,7.6
954,51,26,92130,4,No,No,1,2,graduate,Yes,No,0.2
955,37,12,91107,2,Yes,No,120,3,advance,No,No,5.2
956,59,35,90840,4,No,No,1,1,undergraduate,No,No,0.7
957,37,11,90250,1,No,No,1,1,undergraduate,No,No,2
958,56,32,94309,2,No,No,1,1,undergraduate,No,No,0.3
959,55,29,90747,4,No,Yes,1,3,advance,No,No,2.6
960,49,24,94143,1,No,No,76,2,graduate,No,No,0.2
961,46,22,93611,2,No,Yes,1,1,undergraduate,No,No,3.3
962,35,9,94114,4,No,No,76,1,undergraduate,No,No,1
963,47,21,95833,1,No,No,53,1,undergraduate,No,No,0
964,39,14,94305,2,No,No,1,2,graduate,No,No,0.3
965,27,1,92037,4,No,No,70,3,advance,Yes,No,2.3
966,62,36,94301,2,Yes,No,1,2,graduate,No,No,5.2
967,57,32,91605,2,No,No,1,3,advance,No,No,1.6
968,55,30,92675,4,No,No,1,2,graduate,No,No,3.8
969,55,31,92868,1,No,Yes,1,2,graduate,No,No,2.7
970,41,15,94704,3,No,No,1,3,advance,No,No,0.5
971,57,32,94928,2,No,No,114,1,undergraduate,No,No,3.7
972,43,19,92028,3,Yes,Yes,112,3,advance,No,Yes,1.7
973,40,16,92093,2,No,No,83,1,undergraduate,No,No,1.7
974,43,18,92703,1,No,No,138,3,advance,No,No,4
975,63,38,90401,3,No,No,1,1,undergraduate,No,No,2.2
976,63,38,92122,2,Yes,No,1,1,undergraduate,No,No,3.4
977,54,30,94109,4,No,No,1,1,undergraduate,Yes,No,0.2
978,54,30,95134,4,No,No,99,2,graduate,No,No,1.1
979,52,26,92068,1,No,Yes,1,3,advance,No,No,0.8
980,50,26,94720,4,No,Yes,1,3,advance,No,No,0.1
981,38,13,92697,1,No,Yes,1,3,advance,No,No,1
982,36,12,90064,3,Yes,Yes,1,2,graduate,No,Yes,2.3
983,58,33,94402,3,No,Yes,1,2,graduate,No,No,0.5
984,46,22,92220,2,No,No,1,1,undergraduate,No,No,3.3
985,50,25,92173,1,No,No,1,3,advance,No,No,0.4
986,46,22,92120,1,No,Yes,72,1,undergraduate,No,No,4.7
987,53,27,90245,4,No,No,1,1,undergraduate,No,No,4.9
988,62,36,94609,2,No,No,1,1,undergraduate,No,No,2.8
989,63,39,94998,1,No,No,23,2,graduate,No,No,1.9
990,42,16,94607,3,No,No,118,3,advance,No,No,0.5
991,34,10,94002,4,No,No,1,1,undergraduate,No,No,3.4
992,40,14,94025,4,No,Yes,1,3,advance,No,No,1.5
993,34,9,94608,1,No,No,1,1,undergraduate,No,No,0
994,41,15,91775,1,Yes,No,1,2,graduate,No,No,3.6
995,32,8,90650,1,No,No,1,2,graduate,No,No,1.8
996,28,3,94305,2,No,Yes,1,3,advance,No,No,1.6
997,33,6,92037,2,No,No,105,2,graduate,No,No,1.67
998,46,20,92780,3,No,No,1,1,undergraduate,No,No,2.1
999,52,27,93106,1,No,No,154,2,graduate,No,No,2.8
1000,60,35,92120,1,No,Yes,1,2,graduate,No,No,1.5
